id,review,translated_review,source,probe_category,lang_expected,detected_lang,route,heuristic_fallback,translate_attempted,api_called,text_changed,intent,intent_severity,overall_sentiment,aspects,aspect_sentiments,n_aspects
1,"The delivery was incredibly fast, arrived in two days.","The delivery was incredibly fast, arrived in two days.",constructed_ecommerce,single_aspect_control,en,en,pyabsa,False,False,False,False,neutral,standard,Positive,['delivery'],['Positive'],1
2,"Packaging was terrible, the box was completely crushed.","Packaging was terrible, the box was completely crushed.",constructed_ecommerce,single_aspect_control,en,en,pyabsa,False,False,False,False,complaint,high_severity,Negative,"['Packaging', 'box']","['Negative', 'Negative']",2
3,The price is very reasonable for what you get.,The price is very reasonable for what you get.,constructed_ecommerce,single_aspect_control,en,en,pyabsa,False,False,False,False,praise,low_positive,Positive,['price'],['Positive'],1
4,Customer service never responded to my emails.,Customer service never responded to my emails.,constructed_ecommerce,single_aspect_control,en,en,pyabsa,False,False,False,False,neutral,standard,Negative,['Customer service'],['Negative'],1
5,The refund was processed without any hassle.,The refund was processed without any hassle.,constructed_ecommerce,single_aspect_control,en,en,pyabsa,False,False,False,False,neutral,standard,Positive,['refund'],['Positive'],1
6,Product quality is disappointing for this price point.,Product quality is disappointing for this price point.,constructed_ecommerce,single_aspect_control,en,en,pyabsa,False,False,False,False,neutral,standard,Negative,['quality'],['Negative'],1
7,Great product and the shipping was quick too. Very satisfied.,Great product and the shipping was quick too. Very satisfied.,constructed_ecommerce,multi_aspect,en,en,pyabsa,False,False,False,False,praise,medium_positive,Positive,['shipping'],['Positive'],1
8,The item arrived damaged and the seller refused a replacement.,The item arrived damaged and the seller refused a replacement.,constructed_ecommerce,multi_aspect,en,en,pyabsa,False,False,False,False,neutral,standard,Negative,['seller'],['Negative'],1
9,"Excellent packaging, fast delivery, and the product works perfectly.","Excellent packaging, fast delivery, and the product works perfectly.",constructed_ecommerce,multi_aspect,en,en,pyabsa,False,False,False,False,praise,high_positive,Positive,"['packaging', 'delivery', 'works']","['Positive', 'Positive', 'Positive']",3
10,Poor build quality and the price is far too high.,Poor build quality and the price is far too high.,constructed_ecommerce,multi_aspect,en,en,pyabsa,False,False,False,False,complaint,medium_severity,Negative,"['build quality', 'price']","['Negative', 'Negative']",2
11,The website was easy to navigate and checkout was smooth.,The website was easy to navigate and checkout was smooth.,constructed_ecommerce,multi_aspect,en,en,pyabsa,False,False,False,False,neutral,standard,Positive,"['website', 'navigate', 'checkout']","['Positive', 'Positive', 'Positive']",3
12,Delivery took three weeks and the packaging was falling apart.,Delivery took three weeks and the packaging was falling apart.,constructed_ecommerce,multi_aspect,en,en,pyabsa,False,False,False,False,neutral,standard,Negative,"['Delivery', 'packaging']","['Negative', 'Negative']",2
13,Good value for money and the return policy is generous.,Good value for money and the return policy is generous.,constructed_ecommerce,multi_aspect,en,en,pyabsa,False,False,False,False,praise,medium_positive,Positive,"['value', 'return policy']","['Positive', 'Positive']",2
14,The size chart was inaccurate and customer support was unhelpful.,The size chart was inaccurate and customer support was unhelpful.,constructed_ecommerce,multi_aspect,en,en,pyabsa,False,False,False,False,neutral,standard,Negative,"['size', 'customer support']","['Negative', 'Negative']",2
15,"Fast shipping, secure packaging, and a fair price overall.","Fast shipping, secure packaging, and a fair price overall.",constructed_ecommerce,multi_aspect,en,en,pyabsa,False,False,False,False,neutral,standard,Positive,"['shipping', 'packaging', 'price']","['Positive', 'Positive', 'Positive']",3
16,The product is excellent but the delivery was painfully slow.,The product is excellent but the delivery was painfully slow.,constructed_ecommerce,mixed_sentiment,en,en,pyabsa,False,False,False,False,complaint,low_severity,Negative,['delivery'],['Negative'],1
17,"Packaging was great, though the quality did not match the photos.","Packaging was great, though the quality did not match the photos.",constructed_ecommerce,mixed_sentiment,en,en,pyabsa,False,False,False,False,praise,medium_positive,Neutral,"['Packaging', 'quality']","['Positive', 'Negative']",2
18,"Cheap price, but you get what you pay for. The material feels flimsy.","Cheap price, but you get what you pay for. The material feels flimsy.",constructed_ecommerce,mixed_sentiment,en,en,pyabsa,False,False,False,False,question,standard,Neutral,"['price', 'material']","['Positive', 'Negative']",2
19,"Customer service was very responsive, but the refund took a month.","Customer service was very responsive, but the refund took a month.",constructed_ecommerce,mixed_sentiment,en,en,pyabsa,False,False,False,False,neutral,standard,Neutral,"['Customer service', 'refund']","['Positive', 'Negative']",2
20,"Love the design, hate the price.","Love the design, hate the price.",constructed_ecommerce,mixed_sentiment,en,en,pyabsa,False,False,False,False,complaint,high_severity,Neutral,"['design', 'price']","['Positive', 'Negative']",2
21,Shipping was fast but the item was the wrong colour.,Shipping was fast but the item was the wrong colour.,constructed_ecommerce,mixed_sentiment,en,en,pyabsa,False,False,False,False,neutral,standard,Neutral,"['Shipping', 'colour']","['Positive', 'Negative']",2
22,"I ordered this set for my new apartment and I have mixed things to say. The delivery was genuinely impressive, it arrived a full day earlier than estimated. Packaging was sturdy and everything was wrapped individually so nothing was broken. However, the quality of the fabric is nowhere near what the listing photos suggested. It feels thin and I doubt it will survive many washes. Customer service did respond quickly when I complained, which I appreciated, but they were not able to offer a partial refund. The price was reasonable, so I am keeping it, but I would not order again.","I ordered this set for my new apartment and I have mixed things to say. The delivery was genuinely impressive, it arrived a full day earlier than estimated. Packaging was sturdy and everything was wrapped individually so nothing was broken. However, the quality of the fabric is nowhere near what the listing photos suggested. It feels thin and I doubt it will survive many washes. Customer service did respond quickly when I complained, which I appreciated, but they were not able to offer a partial refund. The price was reasonable, so I am keeping it, but I would not order again.",constructed_ecommerce,long_form,en,en,none:pyabsa_empty,False,False,False,False,complaint,medium_severity,Neutral,[],[],0
23,"This was my third order from this seller and sadly the worst. The shipping took nineteen days with no tracking updates for most of that time. When the parcel finally arrived the packaging was torn open at one corner and one of the three items was missing entirely. I contacted customer support and after four days of silence they told me to file a claim myself. The product that did arrive is fine, the build quality is solid and it works as described, but the entire buying experience was exhausting.","This was my third order from this seller and sadly the worst. The shipping took nineteen days with no tracking updates for most of that time. When the parcel finally arrived the packaging was torn open at one corner and one of the three items was missing entirely. I contacted customer support and after four days of silence they told me to file a claim myself. The product that did arrive is fine, the build quality is solid and it works as described, but the entire buying experience was exhausting.",constructed_ecommerce,long_form,en,en,none:pyabsa_empty,False,False,False,False,complaint,high_severity,Neutral,[],[],0
24,"Genuinely one of the better online purchases I have made this year. The website made it easy to compare options and the size guide was accurate, which is rare. Checkout was quick and I got a confirmation email immediately. Delivery arrived within the promised window and the driver was polite. The product itself exceeded expectations, the material is thick and well finished. The price was higher than competitors but I think the quality justifies it.","Genuinely one of the better online purchases I have made this year. The website made it easy to compare options and the size guide was accurate, which is rare. Checkout was quick and I got a confirmation email immediately. Delivery arrived within the promised window and the driver was polite. The product itself exceeded expectations, the material is thick and well finished. The price was higher than competitors but I think the quality justifies it.",constructed_ecommerce,long_form,en,en,pyabsa,False,False,False,False,question,standard,Positive,"['size guide', 'Delivery', 'driver', 'material', 'price']","['Positive', 'Positive', 'Positive', 'Positive', 'Positive']",5
25,"I want to be fair here because there are good and bad parts. The product arrived on time and the packaging was recyclable which I liked. But the instructions were almost unreadable, poorly translated and missing two steps. Assembly took me three hours instead of the advertised thirty minutes. Once assembled the item is sturdy and looks good in the room. The price is fair for the size. I would buy again but I would watch a video first.","I want to be fair here because there are good and bad parts. The product arrived on time and the packaging was recyclable which I liked. But the instructions were almost unreadable, poorly translated and missing two steps. Assembly took me three hours instead of the advertised thirty minutes. Once assembled the item is sturdy and looks good in the room. The price is fair for the size. I would buy again but I would watch a video first.",constructed_ecommerce,long_form,en,en,pyabsa,False,False,False,False,complaint,medium_severity,Positive,"['packaging', 'instructions', 'Assembly', 'price', 'size']","['Positive', 'Negative', 'Negative', 'Positive', 'Positive']",5
26,"Ordering was simple enough but everything after that went wrong. The delivery date moved three times. When it finally came the box was dented and the product inside had a scratch across the front panel. I asked for a replacement and the seller was actually very reasonable about it, they sent a new one within a week at no cost. The replacement is perfect, the finish is flawless and it works well. So the product is good and the seller is honest, but the courier let them down badly.","Ordering was simple enough but everything after that went wrong. The delivery date moved three times. When it finally came the box was dented and the product inside had a scratch across the front panel. I asked for a replacement and the seller was actually very reasonable about it, they sent a new one within a week at no cost. The replacement is perfect, the finish is flawless and it works well. So the product is good and the seller is honest, but the courier let them down badly.",constructed_ecommerce,long_form,en,en,none:pyabsa_empty,False,False,False,False,complaint,medium_severity,Neutral,[],[],0
27,डिलीवरी बहुत तेज़ थी और पैकेजिंग भी अच्छी थी।,The delivery was too fast and the package was good.,constructed_ecommerce,hindi,hi,hi,pyabsa,False,True,True,True,praise,medium_positive,Positive,"['delivery', 'package']","['Positive', 'Positive']",2
28,कीमत बहुत ज़्यादा है और गुणवत्ता खराब है।,The price is too high and the quality is bad.,constructed_ecommerce,hindi,hi,hi,pyabsa,False,True,True,True,complaint,medium_severity,Negative,"['price', 'quality']","['Negative', 'Negative']",2
29,Delivery bahut fast thi but quality thodi average hai.,Delivery bahut fast thi but quality thodi average hai.,constructed_ecommerce,hinglish,en,en,pyabsa,False,False,False,False,neutral,standard,Positive,"['Delivery', 'quality']","['Positive', 'Neutral']",2
30,Packaging ekdum solid tha aur price bhi reasonable hai.,Packaging ekdum solid tha aur price bhi reasonable hai.,constructed_ecommerce,hinglish,en,en,pyabsa,False,False,False,False,praise,low_positive,Positive,"['Packaging', 'price']","['Positive', 'Positive']",2
31,The interface is clean and intuitive.,The interface is clean and intuitive.,constructed_mobile_app,single_aspect_control,en,en,pyabsa,False,False,False,False,neutral,standard,Positive,['interface'],['Positive'],1
32,Battery drain is severe when the app runs in the background.,Battery drain is severe when the app runs in the background.,constructed_mobile_app,single_aspect_control,en,en,pyabsa,False,False,False,False,question,standard,Negative,"['Battery', 'app']","['Negative', 'Negative']",2
33,Sync works flawlessly across all my devices.,Sync works flawlessly across all my devices.,constructed_mobile_app,single_aspect_control,en,en,pyabsa,False,False,False,False,neutral,standard,Positive,['Sync'],['Positive'],1
34,There are far too many ads in the free version.,There are far too many ads in the free version.,constructed_mobile_app,single_aspect_control,en,en,pyabsa,False,False,False,False,neutral,standard,Negative,"['ads', 'free']","['Negative', 'Neutral']",2
35,The dark mode looks fantastic.,The dark mode looks fantastic.,constructed_mobile_app,single_aspect_control,en,en,pyabsa,False,False,False,False,praise,high_positive,Positive,['dark mode'],['Positive'],1
36,The app crashes every time I open the settings.,The app crashes every time I open the settings.,constructed_mobile_app,single_aspect_control,en,en,pyabsa,False,False,False,False,neutral,standard,Negative,['app'],['Negative'],1
37,Fast performance and a beautiful interface. Highly recommended.,Fast performance and a beautiful interface. Highly recommended.,constructed_mobile_app,multi_aspect,en,en,pyabsa,False,False,False,False,suggestion,standard,Positive,"['performance', 'interface']","['Positive', 'Positive']",2
38,The app is slow to load and notifications never arrive on time.,The app is slow to load and notifications never arrive on time.,constructed_mobile_app,multi_aspect,en,en,pyabsa,False,False,False,False,complaint,low_severity,Negative,['app'],['Negative'],1
39,"Great search function, smooth animations, and offline mode actually works.","Great search function, smooth animations, and offline mode actually works.",constructed_mobile_app,multi_aspect,en,en,pyabsa,False,False,False,False,praise,medium_positive,Positive,"['search function', 'animations', 'offline mode']","['Positive', 'Positive', 'Positive']",3
40,The subscription is overpriced and the free tier is unusable.,The subscription is overpriced and the free tier is unusable.,constructed_mobile_app,multi_aspect,en,en,pyabsa,False,False,False,False,neutral,standard,Negative,"['subscription', 'free']","['Negative', 'Negative']",2
41,Login was simple and the onboarding tutorial was genuinely helpful.,Login was simple and the onboarding tutorial was genuinely helpful.,constructed_mobile_app,multi_aspect,en,en,pyabsa,False,False,False,False,neutral,standard,Positive,"['Login', 'tutorial']","['Positive', 'Positive']",2
42,Constant crashes and the data sync lost two weeks of my notes.,Constant crashes and the data sync lost two weeks of my notes.,constructed_mobile_app,multi_aspect,en,en,pyabsa,False,False,False,False,neutral,standard,Negative,['data sync'],['Negative'],1
43,The widget is useful and the customisation options are extensive.,The widget is useful and the customisation options are extensive.,constructed_mobile_app,multi_aspect,en,en,pyabsa,False,False,False,False,neutral,standard,Positive,"['widget', 'customisation']","['Positive', 'Positive']",2
44,Permissions requested are excessive and the privacy policy is vague.,Permissions requested are excessive and the privacy policy is vague.,constructed_mobile_app,multi_aspect,en,en,pyabsa,False,False,False,False,neutral,standard,Negative,['privacy policy'],['Negative'],1
45,"Smooth performance, no ads, and the export feature saves me hours.","Smooth performance, no ads, and the export feature saves me hours.",constructed_mobile_app,multi_aspect,en,en,pyabsa,False,False,False,False,neutral,standard,Positive,"['performance', 'ads', 'export feature']","['Positive', 'Positive', 'Positive']",3
46,The interface is gorgeous but the app drains my battery in hours.,The interface is gorgeous but the app drains my battery in hours.,constructed_mobile_app,mixed_sentiment,en,en,pyabsa,False,False,False,False,neutral,standard,Neutral,"['interface', 'app']","['Positive', 'Negative']",2
47,"Powerful features, shame about the confusing navigation.","Powerful features, shame about the confusing navigation.",constructed_mobile_app,mixed_sentiment,en,en,pyabsa,False,False,False,False,neutral,standard,Neutral,"['features', 'navigation']","['Positive', 'Negative']",2
48,The latest update improved performance but removed my favourite widget.,The latest update improved performance but removed my favourite widget.,constructed_mobile_app,mixed_sentiment,en,en,pyabsa,False,False,False,False,suggestion,standard,Neutral,"['performance', 'widget']","['Positive', 'Negative']",2
49,"Sync is reliable, however the interface feels dated.","Sync is reliable, however the interface feels dated.",constructed_mobile_app,mixed_sentiment,en,en,pyabsa,False,False,False,False,question,standard,Neutral,"['Sync', 'interface']","['Positive', 'Negative']",2
50,Customer support replied within an hour but could not fix the crash.,Customer support replied within an hour but could not fix the crash.,constructed_mobile_app,mixed_sentiment,en,en,pyabsa,False,False,False,False,suggestion,standard,Neutral,"['Customer support', 'crash']","['Positive', 'Negative']",2
51,"Free version is generous, though the ads are intrusive.","Free version is generous, though the ads are intrusive.",constructed_mobile_app,mixed_sentiment,en,en,pyabsa,False,False,False,False,neutral,standard,Negative,['ads'],['Negative'],1
52,"I have been using this app daily for about eight months so I feel qualified to review it properly. The interface is genuinely one of the best I have used, everything is where you expect it to be and the animations are smooth without being slow. Sync across my phone and tablet has never once failed. That said, battery consumption is a real problem, I lose roughly fifteen percent overnight even with background refresh disabled. The subscription price went up twice this year which felt greedy. Customer support was responsive when I raised the battery issue but their answer was essentially that it is expected behaviour.","I have been using this app daily for about eight months so I feel qualified to review it properly. The interface is genuinely one of the best I have used, everything is where you expect it to be and the animations are smooth without being slow. Sync across my phone and tablet has never once failed. That said, battery consumption is a real problem, I lose roughly fifteen percent overnight even with background refresh disabled. The subscription price went up twice this year which felt greedy. Customer support was responsive when I raised the battery issue but their answer was essentially that it is expected behaviour.",constructed_mobile_app,long_form,en,en,none:pyabsa_empty,False,False,False,False,complaint,low_severity,Neutral,[],[],0
53,"This started as a great app and has slowly got worse. Two years ago the performance was excellent and there were no ads at all. The last three updates have introduced a banner ad on every screen, and the app now takes nearly ten seconds to open on my device. The search function still works well and I still rely on the offline mode, which is why I have not switched. But the notification system is broken, I get reminders hours late or not at all. I would not recommend it to a new user today.","This started as a great app and has slowly got worse. Two years ago the performance was excellent and there were no ads at all. The last three updates have introduced a banner ad on every screen, and the app now takes nearly ten seconds to open on my device. The search function still works well and I still rely on the offline mode, which is why I have not switched. But the notification system is broken, I get reminders hours late or not at all. I would not recommend it to a new user today.",constructed_mobile_app,long_form,en,en,none:pyabsa_empty,False,False,False,False,complaint,medium_severity,Neutral,[],[],0
54,"Switched to this from a competitor last month and I am impressed. The onboarding was quick and it imported all my existing data without a single error, which I did not expect. The interface takes a little learning but once you understand the layout it is very efficient. Performance is fast even with thousands of entries. The free tier is limited but fair, and the paid plan is cheaper than what I was using before. Dark mode is well implemented. My only complaint is that the tablet layout wastes a lot of space.","Switched to this from a competitor last month and I am impressed. The onboarding was quick and it imported all my existing data without a single error, which I did not expect. The interface takes a little learning but once you understand the layout it is very efficient. Performance is fast even with thousands of entries. The free tier is limited but fair, and the paid plan is cheaper than what I was using before. Dark mode is well implemented. My only complaint is that the tablet layout wastes a lot of space.",constructed_mobile_app,long_form,en,en,none:pyabsa_empty,False,False,False,False,complaint,high_severity,Neutral,[],[],0
55,"Mixed review because the app does one thing brilliantly and everything else poorly. The core editor is fast, stable and a pleasure to use. I have never had it crash while editing. But the cloud sync is unreliable, it has silently failed twice and I only noticed days later. The settings menu is a maze. Customer support took eleven days to reply to a data loss report, which is unacceptable for a paid product. The pricing is reasonable at least.","Mixed review because the app does one thing brilliantly and everything else poorly. The core editor is fast, stable and a pleasure to use. I have never had it crash while editing. But the cloud sync is unreliable, it has silently failed twice and I only noticed days later. The settings menu is a maze. Customer support took eleven days to reply to a data loss report, which is unacceptable for a paid product. The pricing is reasonable at least.",constructed_mobile_app,long_form,en,en,none:pyabsa_empty,False,False,False,False,complaint,medium_severity,Neutral,[],[],0
56,"I installed this after seeing it recommended and I regret it. The signup process demanded access to my contacts and location before I could even see the app, which is an immediate red flag. The interface is cluttered with upsell banners. Performance is sluggish, scrolling stutters constantly on a recent phone. The one positive is that the export function works properly and let me get my data back out easily, so uninstalling was painless.","I installed this after seeing it recommended and I regret it. The signup process demanded access to my contacts and location before I could even see the app, which is an immediate red flag. The interface is cluttered with upsell banners. Performance is sluggish, scrolling stutters constantly on a recent phone. The one positive is that the export function works properly and let me get my data back out easily, so uninstalling was painless.",constructed_mobile_app,long_form,en,en,pyabsa,False,False,False,False,question,standard,Negative,"['interface', 'Performance', 'uninstalling']","['Negative', 'Negative', 'Positive']",3
57,ऐप का इंटरफेस बहुत साफ है लेकिन बैटरी जल्दी खत्म होती है।,Ape interface is very clear but the battery is over soon.,constructed_mobile_app,hindi,hi,hi,pyabsa,False,True,True,True,neutral,standard,Neutral,"['interface', 'battery']","['Positive', 'Negative']",2
58,विज्ञापन बहुत ज़्यादा हैं और ऐप बार बार बंद हो जाता है।,The ads are too high and the app bar closes.,constructed_mobile_app,hindi,hi,hi,pyabsa,False,True,True,True,neutral,standard,Negative,['ads'],['Negative'],1
59,App ka interface bahut accha hai lekin ads irritating hain.,App ka interface bahut accha hai lekin ads irritating hain.,constructed_mobile_app,hinglish,en,en,pyabsa,False,False,False,False,neutral,standard,Neutral,"['interface', 'ads']","['Positive', 'Negative']",2
60,Performance fast hai aur sync bhi perfectly kaam karta hai.,Performance fast hai aur sync bhi perfectly kaam karta hai.,constructed_mobile_app,hinglish,en,en,pyabsa,False,False,False,False,praise,high_positive,Positive,"['Performance', 'sync']","['Positive', 'Positive']",2
61,The food was absolutely delicious.,The food was absolutely delicious.,constructed_restaurant,single_aspect_control,en,en,pyabsa,False,False,False,False,neutral,standard,Positive,['food'],['Positive'],1
62,Service was painfully slow all evening.,Service was painfully slow all evening.,constructed_restaurant,single_aspect_control,en,en,pyabsa,False,False,False,False,complaint,low_severity,Negative,['Service'],['Negative'],1
63,The ambiance is warm and welcoming.,The ambiance is warm and welcoming.,constructed_restaurant,single_aspect_control,en,en,pyabsa,False,False,False,False,neutral,standard,Positive,['ambiance'],['Positive'],1
64,Portions are far too small for the price.,Portions are far too small for the price.,constructed_restaurant,single_aspect_control,en,en,pyabsa,False,False,False,False,neutral,standard,Negative,"['Portions', 'price']","['Negative', 'Neutral']",2
65,The staff were friendly and attentive throughout.,The staff were friendly and attentive throughout.,constructed_restaurant,single_aspect_control,en,en,pyabsa,False,False,False,False,neutral,standard,Positive,['staff'],['Positive'],1
66,The dessert menu is very limited.,The dessert menu is very limited.,constructed_restaurant,single_aspect_control,en,en,pyabsa,False,False,False,False,neutral,standard,Negative,['dessert menu'],['Negative'],1
67,Wonderful food and excellent service. We will be back.,Wonderful food and excellent service. We will be back.,constructed_restaurant,multi_aspect,en,en,pyabsa,False,False,False,False,praise,high_positive,Positive,"['food', 'service']","['Positive', 'Positive']",2
68,The pasta was undercooked and the waiter was rude.,The pasta was undercooked and the waiter was rude.,constructed_restaurant,multi_aspect,en,en,pyabsa,False,False,False,False,neutral,standard,Negative,"['pasta', 'waiter']","['Negative', 'Negative']",2
69,"Lovely atmosphere, generous portions, and reasonable prices.","Lovely atmosphere, generous portions, and reasonable prices.",constructed_restaurant,multi_aspect,en,en,pyabsa,False,False,False,False,praise,medium_positive,Positive,"['atmosphere', 'portions', 'prices']","['Positive', 'Positive', 'Positive']",3
70,The wait time was over an hour and the table was sticky.,The wait time was over an hour and the table was sticky.,constructed_restaurant,multi_aspect,en,en,pyabsa,False,False,False,False,neutral,standard,Negative,"['wait time', 'table']","['Negative', 'Negative']",2
71,Excellent wine list and the steak was cooked perfectly.,Excellent wine list and the steak was cooked perfectly.,constructed_restaurant,multi_aspect,en,en,pyabsa,False,False,False,False,praise,high_positive,Positive,"['wine list', 'steak']","['Positive', 'Positive']",2
72,Noisy dining room and the music was far too loud to talk.,Noisy dining room and the music was far too loud to talk.,constructed_restaurant,multi_aspect,en,en,pyabsa,False,False,False,False,neutral,standard,Negative,"['dining room', 'music']","['Negative', 'Negative']",2
73,The bread was fresh and the olive oil was excellent quality.,The bread was fresh and the olive oil was excellent quality.,constructed_restaurant,multi_aspect,en,en,pyabsa,False,False,False,False,praise,high_positive,Positive,"['bread', 'olive oil']","['Positive', 'Positive']",2
74,Overpriced menu and the parking situation is a nightmare.,Overpriced menu and the parking situation is a nightmare.,constructed_restaurant,multi_aspect,en,en,pyabsa,False,False,False,False,neutral,standard,Negative,"['menu', 'parking situation']","['Negative', 'Negative']",2
75,"Fresh ingredients, beautiful presentation, and friendly staff.","Fresh ingredients, beautiful presentation, and friendly staff.",constructed_restaurant,multi_aspect,en,en,pyabsa,False,False,False,False,neutral,standard,Positive,"['ingredients', 'presentation', 'staff']","['Positive', 'Positive', 'Positive']",3
76,The food was outstanding but the service was incredibly slow.,The food was outstanding but the service was incredibly slow.,constructed_restaurant,mixed_sentiment,en,en,pyabsa,False,False,False,False,complaint,low_severity,Neutral,"['food', 'service']","['Positive', 'Negative']",2
77,"Beautiful decor, shame the food was bland.","Beautiful decor, shame the food was bland.",constructed_restaurant,mixed_sentiment,en,en,pyabsa,False,False,False,False,neutral,standard,Neutral,"['decor', 'food']","['Positive', 'Negative']",2
78,Staff were lovely but the kitchen got our order wrong twice.,Staff were lovely but the kitchen got our order wrong twice.,constructed_restaurant,mixed_sentiment,en,en,pyabsa,False,False,False,False,praise,medium_positive,Neutral,"['Staff', 'kitchen']","['Positive', 'Negative']",2
79,"Great value for money, although the seating is uncomfortable.","Great value for money, although the seating is uncomfortable.",constructed_restaurant,mixed_sentiment,en,en,pyabsa,False,False,False,False,praise,medium_positive,Negative,['seating'],['Negative'],1
80,"The curry was superb, however the naan arrived cold.","The curry was superb, however the naan arrived cold.",constructed_restaurant,mixed_sentiment,en,en,pyabsa,False,False,False,False,praise,high_positive,Neutral,"['curry', 'naan']","['Positive', 'Negative']",2
81,Quick service but the coffee tasted burnt.,Quick service but the coffee tasted burnt.,constructed_restaurant,mixed_sentiment,en,en,pyabsa,False,False,False,False,neutral,standard,Neutral,"['service', 'coffee']","['Positive', 'Negative']",2
82,"We booked here for an anniversary dinner and it mostly lived up to expectations. The ambiance is genuinely special, low lighting and well spaced tables so you can actually hold a conversation. Our server was attentive without hovering and knew the menu well. The starters were the highlight, the scallops in particular were cooked perfectly. The main course was less impressive, my lamb was noticeably overcooked and dry. The wine list is extensive but the markup is steep. Dessert made up for it and the staff brought out a candle without us asking.","We booked here for an anniversary dinner and it mostly lived up to expectations. The ambiance is genuinely special, low lighting and well spaced tables so you can actually hold a conversation. Our server was attentive without hovering and knew the menu well. The starters were the highlight, the scallops in particular were cooked perfectly. The main course was less impressive, my lamb was noticeably overcooked and dry. The wine list is extensive but the markup is steep. Dessert made up for it and the staff brought out a candle without us asking.",constructed_restaurant,long_form,en,en,none:pyabsa_empty,False,False,False,False,praise,high_positive,Neutral,[],[],0
83,"Sadly this place has gone downhill since it changed hands. We used to come monthly. The menu has been cut in half and the prices have gone up noticeably. The food quality is not what it was, my risotto was gluey and clearly reheated. Service was disorganised, we waited twenty minutes to order and our drinks arrived after the food. The dining room itself is still lovely and the location is convenient, which is the only reason I would consider going back.","Sadly this place has gone downhill since it changed hands. We used to come monthly. The menu has been cut in half and the prices have gone up noticeably. The food quality is not what it was, my risotto was gluey and clearly reheated. Service was disorganised, we waited twenty minutes to order and our drinks arrived after the food. The dining room itself is still lovely and the location is convenient, which is the only reason I would consider going back.",constructed_restaurant,long_form,en,en,none:pyabsa_empty,False,False,False,False,praise,medium_positive,Neutral,[],[],0
84,"Genuinely one of the best meals I have had this year. Everything from start to finish was considered. The bread arrived warm with excellent butter. The tasting menu was well paced and each course was distinct. Portions were judged well, I left satisfied but not uncomfortable. The staff were knowledgeable and clearly enjoyed working there. Prices are high but honestly justified given the quality of the ingredients. The only small criticism is that the restaurant is quite hard to find.","Genuinely one of the best meals I have had this year. Everything from start to finish was considered. The bread arrived warm with excellent butter. The tasting menu was well paced and each course was distinct. Portions were judged well, I left satisfied but not uncomfortable. The staff were knowledgeable and clearly enjoyed working there. Prices are high but honestly justified given the quality of the ingredients. The only small criticism is that the restaurant is quite hard to find.",constructed_restaurant,long_form,en,en,pyabsa,False,False,False,False,praise,medium_positive,Positive,"['meals', 'bread', 'butter', 'menu', 'course', 'Portions', 'staff', 'Prices']","['Positive', 'Positive', 'Positive', 'Positive', 'Positive', 'Positive', 'Neutral', 'Neutral']",8
85,"Went for a casual weekday lunch and it was fine, nothing more. The food was competent, my sandwich was fresh and the soup was properly seasoned. Service was efficient and we were in and out in forty minutes which suited us. The interior is a bit tired, the chairs are worn and the lighting is harsh. Prices are on the higher side for what is essentially a cafe. It does the job if you need a quick lunch nearby.","Went for a casual weekday lunch and it was fine, nothing more. The food was competent, my sandwich was fresh and the soup was properly seasoned. Service was efficient and we were in and out in forty minutes which suited us. The interior is a bit tired, the chairs are worn and the lighting is harsh. Prices are on the higher side for what is essentially a cafe. It does the job if you need a quick lunch nearby.",constructed_restaurant,long_form,en,en,pyabsa,False,False,False,False,praise,low_positive,Neutral,"['food', 'sandwich', 'soup', 'Service', 'interior', 'chairs', 'lighting', 'Prices']","['Positive', 'Positive', 'Positive', 'Positive', 'Negative', 'Negative', 'Negative', 'Negative']",8
86,"Booked a table for eight for a birthday and the restaurant handled it badly. Despite booking three weeks ahead they had us at two separate tables. The manager was apologetic and did eventually rearrange things, which I appreciated. Once seated the food was very good, the shared platters especially were generous and full of flavour. Service after that point was attentive. But the noise level made conversation across the table impossible and the bill took half an hour to arrive.","Booked a table for eight for a birthday and the restaurant handled it badly. Despite booking three weeks ahead they had us at two separate tables. The manager was apologetic and did eventually rearrange things, which I appreciated. Once seated the food was very good, the shared platters especially were generous and full of flavour. Service after that point was attentive. But the noise level made conversation across the table impossible and the bill took half an hour to arrive.",constructed_restaurant,long_form,en,en,none:pyabsa_empty,False,False,False,False,complaint,medium_severity,Neutral,[],[],0
87,खाना बहुत स्वादिष्ट था और सेवा भी अच्छी थी।,The food was very delicious and useful in service.,constructed_restaurant,hindi,hi,hi,pyabsa,False,True,True,True,neutral,standard,Positive,"['food', 'service']","['Positive', 'Positive']",2
88,कीमत बहुत ज़्यादा थी और माहौल शोरगुल वाला था।,The price was too high and the atmosphere was shocking.,constructed_restaurant,hindi,hi,hi,pyabsa,False,True,True,True,neutral,standard,Negative,"['price', 'atmosphere']","['Negative', 'Negative']",2
89,Khana bahut tasty tha lekin service slow thi.,Khana bahut tasty tha lekin service slow thi.,constructed_restaurant,hinglish,en,en,pyabsa,False,False,False,False,complaint,low_severity,Neutral,"['Khana', 'service']","['Positive', 'Negative']",2
90,Ambiance ekdum mast tha aur staff bhi friendly the.,Ambiance ekdum mast tha aur staff bhi friendly the.,constructed_restaurant,hinglish,en,en,pyabsa,False,False,False,False,neutral,standard,Positive,"['Ambiance', 'staff']","['Positive', 'Positive']",2
91,The room was spotlessly clean.,The room was spotlessly clean.,constructed_hotel,single_aspect_control,en,en,pyabsa,False,False,False,False,neutral,standard,Positive,['room'],['Positive'],1
92,The wifi was unusable for the entire stay.,The wifi was unusable for the entire stay.,constructed_hotel,single_aspect_control,en,en,pyabsa,False,False,False,False,neutral,standard,Negative,"['wifi', 'stay']","['Negative', 'Neutral']",2
93,Breakfast was excellent with plenty of choice.,Breakfast was excellent with plenty of choice.,constructed_hotel,single_aspect_control,en,en,pyabsa,False,False,False,False,praise,high_positive,Positive,['Breakfast'],['Positive'],1
94,The bathroom was outdated and poorly maintained.,The bathroom was outdated and poorly maintained.,constructed_hotel,single_aspect_control,en,en,pyabsa,False,False,False,False,complaint,medium_severity,Negative,['bathroom'],['Negative'],1
95,The location is perfect for exploring the city.,The location is perfect for exploring the city.,constructed_hotel,single_aspect_control,en,en,pyabsa,False,False,False,False,praise,high_positive,Positive,['location'],['Positive'],1
96,The beds were extremely uncomfortable.,The beds were extremely uncomfortable.,constructed_hotel,single_aspect_control,en,en,pyabsa,False,False,False,False,neutral,standard,Negative,['beds'],['Negative'],1
97,Lovely room and the staff were incredibly helpful.,Lovely room and the staff were incredibly helpful.,constructed_hotel,multi_aspect,en,en,pyabsa,False,False,False,False,praise,medium_positive,Positive,"['room', 'staff']","['Positive', 'Positive']",2
98,The air conditioning was broken and reception was unresponsive.,The air conditioning was broken and reception was unresponsive.,constructed_hotel,multi_aspect,en,en,pyabsa,False,False,False,False,complaint,medium_severity,Negative,"['air conditioning', 'reception']","['Negative', 'Negative']",2
99,"Comfortable beds, quiet rooms, and an excellent breakfast spread.","Comfortable beds, quiet rooms, and an excellent breakfast spread.",constructed_hotel,multi_aspect,en,en,pyabsa,False,False,False,False,praise,high_positive,Positive,"['beds', 'rooms', 'breakfast spread']","['Positive', 'Positive', 'Positive']",3
100,The pool was closed and the gym equipment was broken.,The pool was closed and the gym equipment was broken.,constructed_hotel,multi_aspect,en,en,pyabsa,False,False,False,False,complaint,medium_severity,Negative,"['pool', 'gym equipment']","['Negative', 'Negative']",2
101,Check in was fast and the room had a stunning view.,Check in was fast and the room had a stunning view.,constructed_hotel,multi_aspect,en,en,pyabsa,False,False,False,False,neutral,standard,Positive,"['Check in', 'room', 'view']","['Positive', 'Positive', 'Positive']",3
102,"Thin walls, noisy corridors, and the heating never worked.","Thin walls, noisy corridors, and the heating never worked.",constructed_hotel,multi_aspect,en,en,pyabsa,False,False,False,False,neutral,standard,Negative,"['walls', 'corridors', 'heating']","['Negative', 'Negative', 'Negative']",3
103,The spa was wonderful and the restaurant served great food.,The spa was wonderful and the restaurant served great food.,constructed_hotel,multi_aspect,en,en,pyabsa,False,False,False,False,praise,high_positive,Positive,"['spa', 'food']","['Positive', 'Positive']",2
104,Parking is expensive and the lift was out of service all week.,Parking is expensive and the lift was out of service all week.,constructed_hotel,multi_aspect,en,en,pyabsa,False,False,False,False,neutral,standard,Negative,"['Parking', 'lift']","['Negative', 'Negative']",2
105,"Spacious room, modern bathroom, and very friendly reception staff.","Spacious room, modern bathroom, and very friendly reception staff.",constructed_hotel,multi_aspect,en,en,pyabsa,False,False,False,False,neutral,standard,Positive,"['room', 'bathroom', 'reception staff']","['Positive', 'Positive', 'Positive']",3
106,The location is excellent but the rooms are very dated.,The location is excellent but the rooms are very dated.,constructed_hotel,mixed_sentiment,en,en,pyabsa,False,False,False,False,praise,high_positive,Neutral,"['location', 'rooms']","['Positive', 'Negative']",2
107,"Staff were wonderful, though the breakfast was disappointing.","Staff were wonderful, though the breakfast was disappointing.",constructed_hotel,mixed_sentiment,en,en,pyabsa,False,False,False,False,praise,high_positive,Neutral,"['Staff', 'breakfast']","['Positive', 'Negative']",2
108,"Beautiful lobby, but our room smelled of damp.","Beautiful lobby, but our room smelled of damp.",constructed_hotel,mixed_sentiment,en,en,pyabsa,False,False,False,False,neutral,standard,Neutral,"['lobby', 'room']","['Positive', 'Negative']",2
109,"Great value for the price, although the wifi kept dropping.","Great value for the price, although the wifi kept dropping.",constructed_hotel,mixed_sentiment,en,en,pyabsa,False,False,False,False,praise,medium_positive,Neutral,"['price', 'wifi']","['Positive', 'Negative']",2
110,The bed was extremely comfortable but the shower had no pressure.,The bed was extremely comfortable but the shower had no pressure.,constructed_hotel,mixed_sentiment,en,en,pyabsa,False,False,False,False,question,standard,Neutral,"['bed', 'shower']","['Positive', 'Negative']",2
111,"The garden was quiet and peaceful, however the check out process was chaotic.","The garden was quiet and peaceful, however the check out process was chaotic.",constructed_hotel,mixed_sentiment,en,en,pyabsa,False,False,False,False,question,standard,Negative,"['garden', 'check', 'process']","['Positive', 'Negative', 'Negative']",3
112,"Stayed here for four nights on a work trip and it was a solid choice. The location is the standout feature, five minutes from the station and walking distance to everything I needed. Check in was efficient even though I arrived late. The room was compact but very well designed, with good storage and a genuinely comfortable bed. The bathroom was modern and the shower had excellent pressure. Breakfast was the weak point, a limited buffet that ran out of most things by half eight. Wifi was fast and stable throughout, which matters when you are working.","Stayed here for four nights on a work trip and it was a solid choice. The location is the standout feature, five minutes from the station and walking distance to everything I needed. Check in was efficient even though I arrived late. The room was compact but very well designed, with good storage and a genuinely comfortable bed. The bathroom was modern and the shower had excellent pressure. Breakfast was the weak point, a limited buffet that ran out of most things by half eight. Wifi was fast and stable throughout, which matters when you are working.",constructed_hotel,long_form,en,en,none:pyabsa_empty,False,False,False,False,praise,high_positive,Neutral,[],[],0
113,"I would not stay here again. The photographs online are clearly several years old. Our room was tired, the carpet was stained and there was visible mould around the window frame. I raised it with reception and they moved us, which was handled politely, but the second room had the same damp smell. The heating was uncontrollable, either off or sweltering. Breakfast was actually decent, fresh fruit and good coffee. The location is convenient but not enough to make up for the state of the rooms.","I would not stay here again. The photographs online are clearly several years old. Our room was tired, the carpet was stained and there was visible mould around the window frame. I raised it with reception and they moved us, which was handled politely, but the second room had the same damp smell. The heating was uncontrollable, either off or sweltering. Breakfast was actually decent, fresh fruit and good coffee. The location is convenient but not enough to make up for the state of the rooms.",constructed_hotel,long_form,en,en,none:pyabsa_empty,False,False,False,False,praise,medium_positive,Neutral,[],[],0
114,"A genuinely lovely place for a weekend away. The building has real character and the staff clearly care about it. Our room overlooked the garden and was quiet all night. The bed and pillows were excellent. Breakfast is cooked to order rather than a buffet which made a big difference to the quality. The spa was small but immaculate and never crowded. Parking is limited and we had to use a public car park nearby, which was the only inconvenience. Prices are fair for what you get.","A genuinely lovely place for a weekend away. The building has real character and the staff clearly care about it. Our room overlooked the garden and was quiet all night. The bed and pillows were excellent. Breakfast is cooked to order rather than a buffet which made a big difference to the quality. The spa was small but immaculate and never crowded. Parking is limited and we had to use a public car park nearby, which was the only inconvenience. Prices are fair for what you get.",constructed_hotel,long_form,en,en,none:pyabsa_empty,False,False,False,False,praise,high_positive,Neutral,[],[],0
115,"Booked this for a family holiday and it was a mixed bag. The pool area is fantastic, clean and well supervised, and the children loved it. Our family room was spacious enough for four with proper beds rather than fold outs. However the restaurant was consistently poor, the food was lukewarm every evening and the choice for children was limited to chips. Housekeeping was inconsistent, some days thorough and some days clearly skipped. The reception staff were always friendly and helped us book excursions.","Booked this for a family holiday and it was a mixed bag. The pool area is fantastic, clean and well supervised, and the children loved it. Our family room was spacious enough for four with proper beds rather than fold outs. However the restaurant was consistently poor, the food was lukewarm every evening and the choice for children was limited to chips. Housekeeping was inconsistent, some days thorough and some days clearly skipped. The reception staff were always friendly and helped us book excursions.",constructed_hotel,long_form,en,en,none:pyabsa_empty,False,False,False,False,complaint,medium_severity,Neutral,[],[],0
116,"Arrived to find our booking had not been recorded despite having a confirmation email. The receptionist was apologetic and found us a room, but it was a downgrade from what we paid for and no refund was offered at the time. The room itself was clean and the bed comfortable. Noise from the street was significant, we could hear traffic all night through single glazed windows. Breakfast was fine, standard continental. The hotel did eventually refund the difference after I emailed, so credit to them for resolving it.","Arrived to find our booking had not been recorded despite having a confirmation email. The receptionist was apologetic and found us a room, but it was a downgrade from what we paid for and no refund was offered at the time. The room itself was clean and the bed comfortable. Noise from the street was significant, we could hear traffic all night through single glazed windows. Breakfast was fine, standard continental. The hotel did eventually refund the difference after I emailed, so credit to them for resolving it.",constructed_hotel,long_form,en,en,none:pyabsa_empty,False,False,False,False,praise,low_positive,Neutral,[],[],0
117,कमरा बहुत साफ था और स्टाफ मददगार था।,The room was very clean and staff assisted.,constructed_hotel,hindi,hi,hi,pyabsa,False,True,True,True,neutral,standard,Positive,"['room', 'staff']","['Positive', 'Positive']",2
118,बाथरूम गंदा था और नाश्ता बहुत खराब था।,The bathroom was dirty and the breakfast was very bad.,constructed_hotel,hindi,hi,hi,pyabsa,False,True,True,True,complaint,medium_severity,Negative,"['bathroom', 'breakfast']","['Negative', 'Negative']",2
119,Room ekdum clean tha lekin wifi bilkul kaam nahi kar raha tha.,Room ekdum clean tha lekin wifi bilkul kaam nahi kar raha tha.,constructed_hotel,hinglish,en,so,pyabsa,False,False,False,False,neutral,standard,Neutral,"['Room', 'wifi']","['Positive', 'Negative']",2
120,Location bahut acchi hai aur breakfast bhi tasty tha.,Location bahut acchi hai aur breakfast bhi tasty tha.,constructed_hotel,hinglish,en,en,pyabsa,False,False,False,False,neutral,standard,Positive,"['Location', 'breakfast']","['Positive', 'Positive']",2
121,"The battery life is outstanding, easily two full days.","The battery life is outstanding, easily two full days.",constructed_electronics,single_aspect_control,en,en,pyabsa,False,False,False,False,praise,high_positive,Positive,['battery life'],['Positive'],1
122,The screen scratches far too easily.,The screen scratches far too easily.,constructed_electronics,single_aspect_control,en,en,pyabsa,False,False,False,False,neutral,standard,Negative,['screen'],['Negative'],1
123,Sound quality is rich and well balanced.,Sound quality is rich and well balanced.,constructed_electronics,single_aspect_control,en,en,pyabsa,False,False,False,False,neutral,standard,Positive,['Sound quality'],['Positive'],1
124,The charging cable stopped working after two weeks.,The charging cable stopped working after two weeks.,constructed_electronics,single_aspect_control,en,en,pyabsa,False,False,False,False,neutral,standard,Negative,['charging cable'],['Negative'],1
125,The build quality feels premium and solid.,The build quality feels premium and solid.,constructed_electronics,single_aspect_control,en,en,pyabsa,False,False,False,False,neutral,standard,Positive,['build quality'],['Positive'],1
126,The camera struggles badly in low light.,The camera struggles badly in low light.,constructed_electronics,single_aspect_control,en,en,pyabsa,False,False,False,False,complaint,medium_severity,Negative,['camera'],['Negative'],1
127,Excellent display and the battery lasts all day.,Excellent display and the battery lasts all day.,constructed_electronics,multi_aspect,en,en,pyabsa,False,False,False,False,praise,high_positive,Positive,"['display', 'battery']","['Positive', 'Positive']",2
128,The speakers are tinny and the microphone picks up too much noise.,The speakers are tinny and the microphone picks up too much noise.,constructed_electronics,multi_aspect,en,en,pyabsa,False,False,False,False,neutral,standard,Negative,"['speakers', 'microphone']","['Negative', 'Negative']",2
129,"Fast processor, sharp screen, and the fingerprint sensor is reliable.","Fast processor, sharp screen, and the fingerprint sensor is reliable.",constructed_electronics,multi_aspect,en,en,pyabsa,False,False,False,False,neutral,standard,Positive,"['processor', 'screen', 'fingerprint sensor']","['Positive', 'Positive', 'Positive']",3
130,The device overheats during use and the fan is very loud.,The device overheats during use and the fan is very loud.,constructed_electronics,multi_aspect,en,en,pyabsa,False,False,False,False,neutral,standard,Negative,['fan'],['Negative'],1
131,Great keyboard feel and the trackpad is very precise.,Great keyboard feel and the trackpad is very precise.,constructed_electronics,multi_aspect,en,en,pyabsa,False,False,False,False,praise,medium_positive,Positive,"['keyboard feel', 'trackpad']","['Positive', 'Positive']",2
132,The software is bloated and storage fills up within months.,The software is bloated and storage fills up within months.,constructed_electronics,multi_aspect,en,en,pyabsa,False,False,False,False,neutral,standard,Neutral,"['software', 'storage']","['Positive', 'Negative']",2
133,"Lightweight design, long battery, and it charges very quickly.","Lightweight design, long battery, and it charges very quickly.",constructed_electronics,multi_aspect,en,en,pyabsa,False,False,False,False,neutral,standard,Positive,"['design', 'battery', 'charges']","['Positive', 'Positive', 'Positive']",3
134,The port selection is limited and the included adapter feels cheap.,The port selection is limited and the included adapter feels cheap.,constructed_electronics,multi_aspect,en,en,pyabsa,False,False,False,False,neutral,standard,Negative,"['port selection', 'adapter']","['Negative', 'Negative']",2
135,"Crisp display, excellent speakers, and a very responsive touchscreen.","Crisp display, excellent speakers, and a very responsive touchscreen.",constructed_electronics,multi_aspect,en,en,pyabsa,False,False,False,False,praise,high_positive,Positive,"['display', 'speakers', 'touchscreen']","['Positive', 'Positive', 'Positive']",3
136,The camera is superb but the battery drains within four hours.,The camera is superb but the battery drains within four hours.,constructed_electronics,mixed_sentiment,en,en,pyabsa,False,False,False,False,praise,high_positive,Neutral,"['camera', 'battery']","['Positive', 'Negative']",2
137,"Beautiful screen, shame about the flimsy hinge.","Beautiful screen, shame about the flimsy hinge.",constructed_electronics,mixed_sentiment,en,en,pyabsa,False,False,False,False,neutral,standard,Neutral,"['screen', 'hinge']","['Positive', 'Negative']",2
138,"Performance is excellent, although the fan noise is distracting.","Performance is excellent, although the fan noise is distracting.",constructed_electronics,mixed_sentiment,en,en,pyabsa,False,False,False,False,praise,high_positive,Neutral,"['Performance', 'fan noise']","['Positive', 'Negative']",2
139,The price is very competitive but the build feels cheap.,The price is very competitive but the build feels cheap.,constructed_electronics,mixed_sentiment,en,en,pyabsa,False,False,False,False,neutral,standard,Neutral,"['price', 'build']","['Positive', 'Negative']",2
140,"Sound quality is great, however the bluetooth connection keeps dropping.","Sound quality is great, however the bluetooth connection keeps dropping.",constructed_electronics,mixed_sentiment,en,en,pyabsa,False,False,False,False,praise,medium_positive,Neutral,"['Sound quality', 'bluetooth connection']","['Positive', 'Negative']",2
141,Setup was straightforward but the manual was useless.,Setup was straightforward but the manual was useless.,constructed_electronics,mixed_sentiment,en,en,pyabsa,False,False,False,False,complaint,high_severity,Neutral,"['Setup', 'manual']","['Positive', 'Negative']",2
142,"I have had this laptop for roughly six months of daily development work so this is a considered review. The build quality is genuinely excellent, the chassis has no flex and the hinge still feels tight. The keyboard is the best I have used on a portable machine, good travel and no rattle. Performance handles everything I throw at it including containers and a couple of virtual machines. Battery life is the weak point, I get around four hours under real load rather than the advertised ten. The fan becomes quite loud under sustained compilation. The display is sharp and colour accurate which matters for my work.","I have had this laptop for roughly six months of daily development work so this is a considered review. The build quality is genuinely excellent, the chassis has no flex and the hinge still feels tight. The keyboard is the best I have used on a portable machine, good travel and no rattle. Performance handles everything I throw at it including containers and a couple of virtual machines. Battery life is the weak point, I get around four hours under real load rather than the advertised ten. The fan becomes quite loud under sustained compilation. The display is sharp and colour accurate which matters for my work.",constructed_electronics,long_form,en,en,none:pyabsa_empty,False,False,False,False,praise,medium_positive,Neutral,[],[],0
143,"Returned this after ten days and I want to explain why. The screen is genuinely beautiful, bright and with excellent contrast, and the speakers are far better than I expected. But the software experience ruined it. The device shipped with a large amount of preinstalled software I could not remove, and the interface lagged when switching between apps despite the powerful processor. Storage was already forty percent used out of the box. The camera was mediocre in anything other than bright daylight. For the price I expected considerably better.","Returned this after ten days and I want to explain why. The screen is genuinely beautiful, bright and with excellent contrast, and the speakers are far better than I expected. But the software experience ruined it. The device shipped with a large amount of preinstalled software I could not remove, and the interface lagged when switching between apps despite the powerful processor. Storage was already forty percent used out of the box. The camera was mediocre in anything other than bright daylight. For the price I expected considerably better.",constructed_electronics,long_form,en,en,none:pyabsa_empty,False,False,False,False,praise,high_positive,Neutral,[],[],0
144,"Upgraded from a five year old model and the difference is significant. Setup took under ten minutes and it transferred everything across automatically. The display is a huge improvement, much brighter and the refresh rate makes scrolling feel smooth. Battery comfortably lasts a full day of heavy use with charge to spare. The cameras are excellent, particularly the ultrawide. Build quality feels solid and the weight is well balanced. My only reservation is the price, which is high, and the charger is no longer included in the box.","Upgraded from a five year old model and the difference is significant. Setup took under ten minutes and it transferred everything across automatically. The display is a huge improvement, much brighter and the refresh rate makes scrolling feel smooth. Battery comfortably lasts a full day of heavy use with charge to spare. The cameras are excellent, particularly the ultrawide. Build quality feels solid and the weight is well balanced. My only reservation is the price, which is high, and the charger is no longer included in the box.",constructed_electronics,long_form,en,en,none:pyabsa_empty,False,False,False,False,praise,high_positive,Neutral,[],[],0
145,"These headphones are a mixed proposition. The sound quality is genuinely very good, detailed with controlled bass that does not overwhelm. Noise cancellation is effective on a plane and on public transport. However the comfort is poor for me, the clamping force is strong and after about ninety minutes my ears ache. The companion app is buggy and disconnects regularly. Battery life is strong at around thirty hours. The carrying case is well made and compact.","These headphones are a mixed proposition. The sound quality is genuinely very good, detailed with controlled bass that does not overwhelm. Noise cancellation is effective on a plane and on public transport. However the comfort is poor for me, the clamping force is strong and after about ninety minutes my ears ache. The companion app is buggy and disconnects regularly. Battery life is strong at around thirty hours. The carrying case is well made and compact.",constructed_electronics,long_form,en,en,pyabsa,False,False,False,False,complaint,medium_severity,Positive,"['sound quality', 'Noise', 'comfort', 'Battery life', 'carrying case']","['Positive', 'Positive', 'Negative', 'Positive', 'Positive']",5
146,"Bought this monitor for photo editing and it mostly delivers. Colour accuracy out of the box was better than expected and needed only minor calibration. The panel is uniform with no visible backlight bleed. The stand is sturdy and adjusts easily. However the on screen menu system is genuinely awful, navigating it with the small joystick is frustrating and options are buried. The built in speakers are poor but I did not buy it for those. Cable management on the stand is a nice touch.","Bought this monitor for photo editing and it mostly delivers. Colour accuracy out of the box was better than expected and needed only minor calibration. The panel is uniform with no visible backlight bleed. The stand is sturdy and adjusts easily. However the on screen menu system is genuinely awful, navigating it with the small joystick is frustrating and options are buried. The built in speakers are poor but I did not buy it for those. Cable management on the stand is a nice touch.",constructed_electronics,long_form,en,en,none:pyabsa_empty,False,False,False,False,complaint,high_severity,Neutral,[],[],0
147,बैटरी बहुत अच्छी है और कैमरा भी शानदार है।,Battery is very nice and a camera is beautiful.,constructed_electronics,hindi,hi,hi,pyabsa,False,True,True,True,praise,medium_positive,Positive,"['Battery', 'camera']","['Positive', 'Positive']",2
148,स्क्रीन खराब है और कीमत बहुत ज़्यादा है।,The screen is bad and the price is too high.,constructed_electronics,hindi,hi,hi,pyabsa,False,True,True,True,complaint,medium_severity,Negative,"['screen', 'price']","['Negative', 'Negative']",2
149,Camera quality bahut acchi hai lekin battery jaldi khatam hoti hai.,Camera quality bahut acchi hai lekin battery jaldi khatam hoti hai.,constructed_electronics,hinglish,en,id,pyabsa,False,False,False,False,neutral,standard,Neutral,"['Camera quality', 'battery jaldi']","['Positive', 'Negative']",2
150,Sound bahut clear hai aur build quality bhi solid hai.,Sound bahut clear hai aur build quality bhi solid hai.,constructed_electronics,hinglish,en,en,pyabsa,False,False,False,False,neutral,standard,Positive,"['Sound', 'build quality']","['Positive', 'Positive']",2
